Product ID,Product Name,Category,Price,Rating,Reviews,URL,Customization,Target Audience,Key Features
VT0280,You'll never walk alone #VT0280 - T-shirt,T-Shirt,$24.95,5.00,N/A,https://vincustom.com/product/youll-never-walk-alone-vt0280-t-shirt/,Yes (Name/Text),Veterans,Military brotherhood theme
VTT0280,You'll never walk alone #VTT0280 - T-Shirt Custom Fee,Custom Fee,$34.95,N/A,N/A,https://vincustom.com/product/youll-never-walk-alone-vtt0280-t-shirt-custom-fee/,Yes,All,Custom design fee
Navy-Rating,Customized United States Navy Rating - T-Shirt,T-Shirt,$24.95,3.50,N/A,https://vincustom.com/product/customized-united-states-navy-rating-t-shirt/,Yes (Rating),Navy Veterans,Navy rating badges
T0333,Customized U.S Veteran #T0333 - T-shirt 2,T-Shirt,$24.95,N/A,N/A,https://vincustom.com/product/customized-u-s-veteran-t0333-t-shirt-1/,Yes (Branch/Rank),US Veterans,Patriotic design
1629,I Am A US Veteran I Would Put The Uniform Back On,T-Shirt,$24.95,4.67,N/A,https://vincustom.com/product/i-am-a-us-veteran-i-would-put-the-uniform-back-on-if-america-needed-me-i-maybe-older-move-slower-but-my-skills-still-remain-1629-t-shirt/,Yes,US Veterans,Readiness pride message
N2036,Customized USMC Birthday - 250 Years Semper Fi,T-Shirt,$24.95,N/A,N/A,https://vincustom.com/product/customized-usmc-birthday-250-years-semper-fi-n2036-t-shirt/,Yes,Marines,USMC 250th anniversary
T0560,Customized U.S Veteran Proudly Served #T0560 - Hat,Hat,$29.95,4.75,N/A,https://vincustom.com/product/customized-u-s-veteran-proudly-served-t0560-hat-all-over-printed/,Yes (Branch/Rank/Years),Veterans,All-over print
4275,Customized US Veteran Never Underestimate An Old Man Who Has A DD-214,T-Shirt,$24.95,N/A,N/A,https://vincustom.com/product/customized-us-veteran-never-underestimate-an-old-man-who-has-a-dd-214-4275-t-shirt/,Yes (DD-214),Veterans,DD-214 pride
T0768,Customized U.S Veteran Proudly Served #T0768 - Hat,Hat,$29.95,5.00,N/A,https://vincustom.com/product/customized-u-s-veteran-proudly-served-t0768-hat-all-over-printed/,Yes (Branch/Rank),Veterans,All-over print
T2224,Customized U.S Veteran We The People #T2224 - T-shirt,T-Shirt,$24.95,N/A,N/A,https://vincustom.com/product/customized-u-s-veteran-we-the-people-t2224-t-shirt/,Yes,Veterans,Constitutional pride
T1466,Customized USMC Born In A Tavern #T1466 - T-shirt,T-Shirt,$24.95,N/A,N/A,https://vincustom.com/product/customized-usmc-born-in-a-tavern-t1466-t-shirt-3/,Yes,Marines,Marine Corps birthday
